day,mode,warehouse_inventory,in_transit_inventory,current_inventory,capacity,demand_mean,demand_std,future_deficit,stockout_imminent,shipping_method,order_quantity,lead_time,safety_stock,reorder_point
730,build,500,0,500,30,10.43,9.34,3142,False,TRUCK,200,14,216,3142
731,build,490,0,490,30,10.77,9.24,3249,False,TRUCK,200,14,214,3249
732,build,477,0,477,30,9.9,7.69,3288,False,TRUCK,200,14,178,3288
733,build,465,0,465,30,9.6,7.82,3399,False,TRUCK,200,14,181,3399
734,build,463,0,463,30,9.53,7.8,3625,False,TRUCK,200,14,181,3625
735,build,452,0,452,30,9.7,7.68,3779,False,TRUCK,200,14,178,3779
736,build,445,0,445,30,8.97,7.42,3687,False,TRUCK,200,14,172,3687
737,build,444,200,644,30,9.03,7.43,4003,False,TRUCK,200,14,172,4003
738,build,433,200,633,30,9.03,7.43,4001,False,TRUCK,200,14,172,4001
739,build,428,200,628,30,8.8,7.5,3603,False,TRUCK,200,14,174,3603
740,build,425,200,625,30,8.7,7.52,2407,False,TRUCK,200,14,174,2407
741,build,419,200,619,30,8.43,7.61,3707,False,TRUCK,200,14,177,3707
742,build,417,200,617,30,8.43,7.61,4160,False,TRUCK,200,14,177,4160
743,build,406,200,606,30,8.2,7.7,4538,False,TRUCK,200,14,179,4538
744,build,604,200,804,30,8.4,7.7,4263,False,TRUCK,200,14,178,4263
745,build,593,200,793,30,8.73,7.8,4121,False,TRUCK,200,14,181,4121
746,build,577,200,777,30,8.73,7.8,4055,False,TRUCK,200,14,181,4055
747,build,550,200,750,30,8.77,7.78,4457,False,TRUCK,200,14,180,4457
748,build,546,200,746,30,9.33,7.81,4452,False,TRUCK,200,14,181,4452
749,build,528,200,728,30,9.5,7.75,4516,False,TRUCK,200,14,180,4516
750,build,519,400,919,30,9.37,7.47,4786,False,TRUCK,200,14,173,4786
751,build,696,200,896,30,9.6,7.34,4635,False,TRUCK,200,14,170,4635
752,build,687,200,887,30,9.77,7.47,4321,False,TRUCK,200,14,173,4321
753,build,669,200,869,30,10.23,7.34,4564,False,TRUCK,200,14,170,4564
754,build,654,200,854,30,9.47,6.7,4454,False,TRUCK,200,14,156,4454
755,build,650,200,850,30,9.6,6.61,4732,False,TRUCK,200,14,153,4732
756,build,643,200,843,30,9.27,6.48,4474,False,TRUCK,200,14,150,4474
757,build,836,200,1036,30,9.73,6.44,4863,False,TRUCK,200,14,149,4863
758,build,820,200,1020,30,9.63,6.49,4494,False,TRUCK,200,14,151,4494
759,build,815,200,1015,30,9.73,6.42,4675,False,TRUCK,200,14,149,4675
760,build,808,200,1008,30,9.6,6.46,4639,False,TRUCK,200,14,150,4639
761,build,802,200,1002,30,9.43,6.43,4609,False,TRUCK,200,14,149,4609
762,build,794,200,994,30,9.23,6.44,4608,False,TRUCK,200,14,149,4608
763,build,788,200,988,30,9.4,6.31,4592,False,TRUCK,200,14,146,4592
764,build,981,200,1181,30,9.23,6.33,4606,False,TRUCK,200,14,147,4606
765,build,975,200,1175,30,9.27,6.32,5051,False,TRUCK,200,14,147,5051
766,build,967,200,1167,30,9.93,6.48,4733,False,TRUCK,200,14,150,4733
767,build,946,200,1146,30,10.07,6.54,4934,False,TRUCK,200,14,152,4934
768,build,931,200,1131,30,10.2,6.47,5205,False,TRUCK,200,14,150,5205
769,build,922,200,1122,30,11.13,7.36,5283,False,TRUCK,200,14,171,5283
770,build,891,400,1291,30,11.47,7.34,5372,False,TRUCK,200,14,170,5372
771,build,1075,200,1275,30,11.8,7.12,5056,False,TRUCK,200,14,165,5056
772,build,1063,200,1263,30,11.5,7.34,5679,False,TRUCK,200,14,170,5679
773,build,1061,200,1261,30,11.83,7.12,5071,False,TRUCK,200,14,165,5071
774,build,1049,200,1249,30,12.47,7.85,5260,False,TRUCK,200,14,182,5260
775,build,1019,200,1219,30,12.97,8.53,5311,False,TRUCK,200,14,198,5311
776,build,988,200,1188,30,12.5,8.11,5198,False,TRUCK,200,14,188,5198
777,build,1175,200,1375,30,12.87,7.96,5264,False,TRUCK,200,14,185,5264
778,build,1160,200,1360,30,12.57,7.93,5394,False,TRUCK,200,14,184,5394
779,build,1151,200,1351,30,12.77,7.91,5652,False,TRUCK,200,14,183,5652
780,build,1136,200,1336,30,12.9,8.12,5600,False,TRUCK,200,14,188,5600
781,build,1109,200,1309,30,14.63,11.92,6110,False,TRUCK,200,14,276,6110
782,build,1048,200,1248,30,14.53,11.9,6027,False,TRUCK,200,14,276,6027
783,build,1033,200,1233,30,14.47,11.91,5130,False,TRUCK,200,14,276,5130
784,build,1220,200,1420,30,14.6,11.81,5633,False,TRUCK,200,14,274,5633
785,build,1212,200,1412,30,14.97,11.73,5495,False,TRUCK,200,14,272,5495
786,build,1194,200,1394,30,15.0,11.71,5758,False,TRUCK,200,14,271,5758
787,build,1186,200,1386,30,15.07,11.72,6171,False,TRUCK,200,14,272,6171
788,build,1168,200,1368,30,15.93,11.91,6173,False,TRUCK,200,14,276,6173
789,build,1137,200,1337,30,17.03,12.57,6290,False,TRUCK,200,14,291,6290
790,build,1097,400,1497,30,17.6,12.43,5982,False,TRUCK,200,14,288,5982
791,build,1274,200,1474,30,17.47,12.56,5642,False,TRUCK,200,14,291,5642
792,build,1270,200,1470,30,17.9,12.37,5812,False,TRUCK,200,14,287,5812
793,build,1251,200,1451,30,18.5,12.26,5384,False,TRUCK,200,14,284,5384
794,drawdown,1226,200,1426,30,19.17,12.1,5668,False,TRUCK,200,14,280,3000
795,drawdown,1200,200,1400,30,20.2,12.44,6371,False,TRUCK,200,14,288,3000
796,drawdown,1161,200,1361,30,20.43,12.52,6223,False,TRUCK,200,14,290,3000
797,drawdown,1333,200,1533,30,20.9,12.57,6671,False,TRUCK,200,14,291,3000
798,drawdown,1304,200,1504,30,22.1,13.1,6155,False,TRUCK,200,14,303,3000
799,drawdown,1259,200,1459,30,21.83,12.99,6813,False,TRUCK,200,14,301,3000
800,drawdown,1236,200,1436,30,22.13,12.96,6625,False,TRUCK,200,14,300,3000
801,drawdown,1211,200,1411,30,22.33,12.84,6465,False,TRUCK,200,14,297,3000
802,drawdown,1193,200,1393,30,23.67,12.73,5930,False,TRUCK,200,14,295,3000
803,drawdown,1151,200,1351,30,24.27,12.59,6030,False,TRUCK,200,14,292,3000
804,drawdown,1321,200,1521,30,24.7,13.01,6049,False,TRUCK,200,14,301,3000
805,drawdown,1278,200,1478,30,24.77,13.05,6100,False,TRUCK,200,14,302,3000
806,drawdown,1245,200,1445,30,25.97,13.57,5741,False,TRUCK,200,14,314,3000
807,drawdown,1196,200,1396,30,26.27,13.42,5956,False,TRUCK,200,14,311,3000
808,drawdown,1172,200,1372,30,26.73,13.04,5753,False,TRUCK,200,14,302,3000
809,drawdown,1149,200,1349,30,27.63,13.13,6158,False,TRUCK,200,14,304,3000
810,drawdown,1107,400,1507,30,27.57,13.14,6426,False,TRUCK,200,14,304,3000
811,drawdown,1282,200,1482,30,26.4,11.52,5840,False,TRUCK,200,14,267,3000
812,drawdown,1256,200,1456,30,27.53,12.03,6319,False,TRUCK,200,14,279,3000
813,drawdown,1207,200,1407,30,28.47,11.94,6113,False,TRUCK,200,14,277,3000
814,drawdown,1166,200,1366,30,28.7,11.59,6204,False,TRUCK,200,14,269,3000
815,drawdown,1151,200,1351,30,28.8,11.51,5939,False,TRUCK,200,14,267,3000
816,drawdown,1130,200,1330,30,29.73,10.88,5868,False,TRUCK,200,14,252,3000
817,drawdown,1294,200,1494,30,30.43,10.78,6203,False,TRUCK,200,14,250,3000
818,drawdown,1255,200,1455,30,29.77,11.35,5920,False,TRUCK,200,14,263,3000
819,drawdown,1244,200,1444,30,29.83,11.41,6067,False,TRUCK,200,14,264,3000
820,build,1202,200,1402,50,30.4,11.48,2054,False,TRUCK,200,11,236,2054
821,build,1162,200,1362,50,30.7,10.87,1979,False,TRUCK,200,11,223,1979
822,build,1149,200,1349,50,31.37,10.74,2065,False,TRUCK,200,11,221,2065
823,build,1110,200,1310,50,31.53,10.68,2211,False,TRUCK,200,11,219,2211
824,build,1280,200,1480,50,31.37,10.81,1737,False,TRUCK,200,11,222,1737
825,build,1259,200,1459,50,31.67,11.15,2069,False,TRUCK,200,11,229,2069
826,build,1211,200,1411,50,32.23,11.38,2044,False,TRUCK,200,11,234,2044
827,build,1166,200,1366,50,31.83,11.71,2178,False,TRUCK,200,11,240,2178
828,build,1149,400,1549,50,32.57,13.16,2473,False,TRUCK,200,11,270,2473
829,build,1082,400,1482,50,33.0,13.05,2582,False,TRUCK,200,11,268,2582
830,build,1046,400,1446,50,33.37,12.97,2035,False,TRUCK,200,11,266,2035
831,build,1210,200,1410,50,35.47,15.29,2182,False,TRUCK,200,11,314,2182
832,build,1129,400,1529,50,35.13,15.25,2761,False,TRUCK,200,11,313,2761
833,drawdown,1097,400,1497,50,36.23,16.04,3044,False,TRUCK,200,11,329,3000
834,build,1034,400,1434,50,36.63,16.36,2993,False,TRUCK,200,11,336,2993
835,build,1179,200,1379,50,37.47,16.8,3073,False,TRUCK,200,11,345,3073
836,drawdown,1121,400,1521,50,37.47,16.8,2857,False,TRUCK,200,11,345,3000
837,drawdown,1072,400,1472,50,38.73,17.17,2914,False,TRUCK,200,11,353,3000
838,drawdown,1010,400,1410,50,40.83,18.94,3065,False,TRUCK,200,11,389,3000
839,drawdown,1124,200,1324,50,41.57,19.41,2850,False,TRUCK,200,11,398,3000
840,drawdown,1060,400,1460,50,43.6,20.76,4251,False,TRUCK,200,11,426,3000
841,drawdown,974,400,1374,50,44.5,20.56,3962,False,TRUCK,200,11,422,3000
842,drawdown,921,400,1321,50,45.03,20.88,4159,False,TRUCK,200,11,429,3000
843,drawdown,1056,200,1256,50,45.37,20.9,3893,False,TRUCK,200,11,429,3000
844,drawdown,1005,400,1405,50,45.47,20.75,3617,False,TRUCK,200,11,426,3000
845,drawdown,987,400,1387,50,46.77,20.39,3432,False,TRUCK,200,11,418,3000
846,drawdown,927,400,1327,50,47.3,20.3,3401,False,TRUCK,200,11,417,3000
847,drawdown,1075,200,1275,50,47.03,20.47,2644,False,TRUCK,200,11,420,3000
848,drawdown,1044,400,1444,50,48.0,19.36,3114,False,TRUCK,200,11,397,3000
849,drawdown,1004,400,1404,50,48.4,19.36,2855,False,TRUCK,200,11,397,3000
850,drawdown,950,400,1350,50,48.97,19.35,2672,False,TRUCK,200,11,397,3000
851,drawdown,1093,200,1293,50,50.77,18.38,3212,False,TRUCK,200,11,377,3000
852,drawdown,1026,400,1426,50,51.77,18.53,3368,False,TRUCK,200,11,380,3000
853,drawdown,957,400,1357,50,52.7,18.1,3494,False,TRUCK,200,11,372,3000
854,drawdown,899,400,1299,50,53.57,17.13,3311,False,TRUCK,200,11,352,3000
855,drawdown,1052,200,1252,50,53.73,17.09,3410,False,TRUCK,200,11,351,3000
856,drawdown,999,400,1399,50,53.67,17.13,3328,False,TRUCK,200,11,352,3000
857,drawdown,956,400,1356,50,54.9,15.67,3185,False,TRUCK,200,11,322,3000
858,drawdown,902,400,1302,50,55.27,16.09,3159,False,TRUCK,200,11,330,3000
859,drawdown,1024,200,1224,50,55.67,15.74,3029,False,TRUCK,200,11,323,3000
860,drawdown,976,400,1376,50,55.43,16.09,2698,False,TRUCK,200,11,330,3000
861,drawdown,947,400,1347,50,54.7,15.37,2505,False,TRUCK,200,11,315,3000
862,drawdown,888,400,1288,50,56.63,16.05,3769,False,TRUCK,200,11,329,3000
863,drawdown,998,200,1198,50,55.87,16.28,2797,False,TRUCK,200,11,334,3000
864,drawdown,958,400,1358,50,55.6,16.36,2575,False,TRUCK,200,11,336,3000
865,drawdown,911,400,1311,50,56.57,17.33,2656,False,TRUCK,200,11,356,3000
866,drawdown,824,400,1224,50,56.73,17.28,2581,False,TRUCK,200,11,355,3000
867,drawdown,970,200,1170,50,56.87,17.34,2858,False,TRUCK,200,11,356,3000
868,drawdown,904,400,1304,50,55.73,16.46,2767,False,TRUCK,200,11,338,3000
869,drawdown,852,400,1252,50,54.77,16.8,2563,False,TRUCK,200,11,345,3000
870,drawdown,817,400,1217,50,53.2,15.96,2533,False,TRUCK,200,11,328,3000
871,drawdown,978,200,1178,50,52.67,16.23,2502,False,TRUCK,200,11,333,3000
872,drawdown,941,400,1341,50,51.87,16.2,2342,False,TRUCK,200,11,333,3000
873,drawdown,900,400,1300,50,51.6,16.28,2438,False,TRUCK,200,11,334,3000
874,drawdown,857,400,1257,50,52.9,15.01,2433,False,TRUCK,200,11,308,3000
875,drawdown,1000,200,1200,50,52.5,14.97,2484,False,TRUCK,200,11,307,3000
876,drawdown,952,400,1352,50,51.8,15.48,2171,False,TRUCK,200,11,318,3000
877,drawdown,921,400,1321,50,53.67,16.24,2367,False,TRUCK,200,11,333,3000
878,drawdown,834,400,1234,50,54.43,16.12,2387,False,TRUCK,200,11,331,3000
879,drawdown,971,200,1171,50,55.03,16.43,2300,False,TRUCK,200,11,337,3000
880,drawdown,899,400,1299,50,56.0,17.38,2401,False,TRUCK,200,11,357,3000
881,drawdown,813,400,1213,50,55.6,17.25,2449,False,TRUCK,200,11,354,3000
882,drawdown,758,400,1158,50,54.57,17.35,2282,False,TRUCK,200,11,356,3000
883,drawdown,920,200,1120,50,55.07,17.67,2116,False,TRUCK,200,11,363,3000
884,drawdown,847,400,1247,50,55.43,17.61,2062,False,TRUCK,200,11,361,3000
885,drawdown,789,400,1189,50,56.2,18.0,2190,False,TRUCK,200,11,369,3000
886,drawdown,713,400,1113,50,58.03,19.35,2247,False,TRUCK,200,11,397,3000
887,drawdown,815,200,1015,50,58.07,19.35,2172,False,TRUCK,200,11,397,3000
888,drawdown,760,400,1160,50,57.43,18.98,2052,False,TRUCK,200,11,390,3000
889,drawdown,701,400,1101,50,59.73,21.77,2090,False,TRUCK,200,11,447,3000
890,drawdown,584,400,984,50,60.0,21.43,2105,False,TRUCK,200,11,440,3000
891,drawdown,747,200,947,50,59.67,21.52,2011,False,TRUCK,200,11,442,3000
892,drawdown,698,400,1098,50,58.3,20.82,2172,False,TRUCK,200,11,427,3000
893,drawdown,649,400,1049,50,59.23,20.6,2042,False,TRUCK,200,11,423,3000
894,drawdown,581,400,981,50,60.13,20.64,2085,False,TRUCK,200,11,424,3000
895,drawdown,707,200,907,50,58.83,20.11,2042,False,TRUCK,200,11,413,3000
896,drawdown,659,400,1059,50,58.63,20.19,1922,False,TRUCK,200,11,414,3000
897,drawdown,611,400,1011,50,59.2,20.63,1924,False,TRUCK,200,11,423,3000
898,drawdown,528,400,928,50,59.87,20.72,1894,False,TRUCK,200,11,425,3000
899,drawdown,656,200,856,50,60.57,20.2,1873,False,TRUCK,200,11,414,3000
900,drawdown,600,400,1000,50,61.77,19.94,1802,False,TRUCK,200,11,409,3000
901,drawdown,525,400,925,50,61.73,19.98,1745,False,TRUCK,200,11,410,3000
902,drawdown,489,400,889,50,62.17,19.65,1619,False,TRUCK,200,11,403,3000
903,drawdown,635,200,835,50,63.17,19.41,1673,False,TRUCK,200,11,398,3000
904,drawdown,562,400,962,50,63.03,19.46,1463,False,TRUCK,200,11,399,3000
905,drawdown,509,400,909,50,63.1,19.41,1301,False,TRUCK,200,11,398,3000
906,drawdown,459,400,859,50,64.83,18.76,1415,False,TRUCK,200,11,385,3000
907,drawdown,576,200,776,50,63.33,18.73,1077,False,TRUCK,200,11,384,3000
908,drawdown,534,400,934,50,63.13,18.76,1203,False,TRUCK,200,11,385,3000
909,drawdown,477,400,877,50,63.17,18.78,1181,False,TRUCK,200,11,385,3000
910,drawdown,404,400,804,50,62.1,18.34,1004,False,TRUCK,200,11,376,3000
911,drawdown,550,200,750,50,63.4,19.18,1214,True,TRUCK,200,11,394,3000
912,drawdown,456,400,856,50,64.73,18.74,1157,False,TRUCK,200,11,385,3000
913,drawdown,378,400,778,50,64.9,18.84,1350,True,TRUCK,200,11,387,3000
914,drawdown,300,400,700,50,65.67,19.02,1379,True,TRUCK,200,11,390,3000
915,drawdown,419,200,619,50,65.23,18.92,1327,True,TRUCK,200,11,388,3000
916,drawdown,356,400,756,50,63.2,18.55,1088,True,TRUCK,200,11,381,3000
917,drawdown,319,400,719,50,63.87,18.61,1216,True,TRUCK,200,11,382,3000
918,drawdown,244,400,644,50,63.53,18.79,1051,True,TRUCK,200,11,386,3000
919,drawdown,395,200,595,50,61.7,15.84,744,True,TRUCK,200,11,325,3000
920,drawdown,333,400,733,50,61.9,15.55,600,True,TRUCK,200,11,319,3000
921,drawdown,290,400,690,50,62.27,15.37,652,True,TRUCK,200,11,315,3000
922,drawdown,230,400,630,50,63.47,15.7,821,True,TRUCK,200,11,322,3000
923,drawdown,345,200,545,50,62.83,15.89,435,True,TRUCK,200,11,326,3000
924,drawdown,296,400,696,50,63.23,16.33,554,True,TRUCK,200,11,335,3000
925,drawdown,210,400,610,50,64.5,16.58,770,True,TRUCK,200,11,340,3000
926,drawdown,124,400,524,50,65.73,16.68,858,True,TRUCK,200,11,342,3000
927,drawdown,239,200,439,50,65.33,16.39,867,True,TRUCK,200,11,337,3000
928,drawdown,168,400,568,50,65.87,16.87,894,True,TRUCK,200,11,346,3000
929,drawdown,80,400,480,50,65.4,17.34,863,True,TRUCK,200,11,356,3000
930,drawdown,38,400,438,50,66.63,19.26,853,True,TRUCK,200,11,395,3000
931,drawdown,126,200,326,50,67.87,18.39,945,True,TRUCK,200,11,378,3000
932,drawdown,53,400,453,50,69.7,19.66,928,True,TRUCK,200,11,404,3000
933,drawdown,0,400,400,50,69.03,19.88,923,True,TRUCK,200,11,408,3000
934,drawdown,0,400,400,50,70.17,19.91,911,True,TRUCK,200,11,409,3000
935,drawdown,113,200,313,50,70.0,20.1,870,True,TRUCK,200,11,413,3000
936,drawdown,68,400,468,50,70.87,21.21,858,True,TRUCK,200,11,435,3000
937,drawdown,0,400,400,50,72.43,20.74,818,True,TRUCK,200,11,426,3000
938,drawdown,0,400,400,50,72.43,20.74,812,True,TRUCK,200,11,426,3000
939,drawdown,143,200,343,50,72.57,20.75,847,True,TRUCK,200,11,426,3000
940,drawdown,66,400,466,50,74.5,21.65,854,True,TRUCK,200,11,444,3000
941,drawdown,0,400,400,50,73.87,21.33,858,True,TRUCK,200,11,438,3000
942,drawdown,0,400,400,50,72.93,21.75,690,True,TRUCK,200,11,446,3000
943,drawdown,150,200,350,50,72.73,21.73,716,True,TRUCK,200,11,446,3000
944,drawdown,78,400,478,50,72.03,21.79,639,True,TRUCK,200,11,447,3000
945,drawdown,18,400,418,50,71.57,22.14,615,True,TRUCK,200,11,454,3000
946,drawdown,0,400,400,50,72.7,21.16,564,True,TRUCK,200,11,434,3000
947,drawdown,129,200,329,50,73.03,21.28,576,True,TRUCK,200,11,437,3000
948,drawdown,44,400,444,50,73.03,21.28,531,True,TRUCK,200,11,437,3000
949,drawdown,0,400,400,50,72.97,21.31,503,True,TRUCK,200,11,437,3000
950,drawdown,0,400,400,50,74.93,21.18,567,True,TRUCK,200,11,435,3000
951,drawdown,98,200,298,50,75.1,21.07,561,True,TRUCK,200,11,432,3000
952,drawdown,33,400,433,50,73.93,21.47,514,True,TRUCK,200,11,441,3000
953,drawdown,0,400,400,50,73.87,21.55,478,True,TRUCK,200,11,442,3000
954,drawdown,0,400,400,50,73.0,21.57,504,True,TRUCK,200,11,443,3000
955,drawdown,140,200,340,50,72.27,21.49,476,True,TRUCK,200,11,441,3000
956,drawdown,76,400,476,50,71.0,21.83,425,True,TRUCK,200,11,448,3000
957,drawdown,29,400,429,50,71.2,21.86,448,True,TRUCK,200,11,449,3000
958,drawdown,0,400,400,50,71.13,21.81,404,True,TRUCK,200,11,448,3000
959,drawdown,114,200,314,50,71.53,21.36,421,True,TRUCK,200,11,438,3000
960,drawdown,60,400,460,50,69.97,19.97,397,True,TRUCK,200,11,410,3000
961,drawdown,0,400,400,50,68.47,21.37,312,True,TRUCK,200,11,439,3000
962,drawdown,0,400,400,50,66.7,20.06,315,True,TRUCK,200,11,412,3000
963,drawdown,144,200,344,50,66.73,20.03,298,True,TRUCK,200,11,411,3000
964,drawdown,90,400,490,50,65.2,20.19,287,True,TRUCK,200,11,414,3000
965,drawdown,49,400,449,50,66.33,19.97,298,True,TRUCK,200,11,410,3000
966,drawdown,0,400,400,50,65.27,18.41,310,True,TRUCK,200,11,378,3000
967,drawdown,123,200,323,50,64.13,17.93,283,True,TRUCK,200,11,368,3000
968,drawdown,68,400,468,50,64.27,17.89,282,True,TRUCK,200,11,367,3000
969,drawdown,7,400,407,50,63.5,17.82,270,True,TRUCK,200,11,366,3000
970,drawdown,0,400,400,50,61.57,15.35,273,True,TRUCK,200,11,315,3000
971,drawdown,146,200,346,50,61.0,15.15,282,True,TRUCK,200,11,311,3000
972,drawdown,88,400,488,50,61.2,15.04,215,True,TRUCK,200,11,309,3000
973,drawdown,32,400,432,50,61.97,16.16,248,True,TRUCK,200,11,332,3000
974,drawdown,0,400,400,50,60.8,17.51,225,True,TRUCK,200,11,359,3000
975,drawdown,175,200,375,50,61.1,17.38,183,True,TRUCK,200,11,357,3000
976,drawdown,117,400,517,50,60.57,17.31,191,True,TRUCK,200,11,355,3000
977,build,62,400,462,50,59.9,16.71,173,True,MAIL,200,5,231,500
978,build,0,400,400,50,61.0,17.05,125,True,MAIL,200,5,236,485
979,drawdown,118,200,318,50,60.13,17.75,148,True,TRUCK,200,11,364,3000
980,chase,84,400,484,50,58.17,16.15,122,True,MAIL,200,5,224,453
981,drawdown,41,400,441,50,57.7,16.15,134,True,TRUCK,200,11,331,3000
982,drawdown,0,400,400,50,57.8,16.11,135,True,TRUCK,200,11,331,3000
983,drawdown,147,200,347,50,58.0,16.0,124,True,TRUCK,200,11,329,3000
984,drawdown,94,400,494,50,58.7,16.54,115,True,TRUCK,200,11,340,3000
985,drawdown,13,400,413,50,57.5,17.43,135,True,TRUCK,200,11,358,3000
986,drawdown,0,400,400,50,58.7,17.91,165,True,TRUCK,200,11,368,3000
987,drawdown,117,200,317,50,58.87,18.11,182,True,TRUCK,200,11,372,3000
988,drawdown,35,400,435,50,57.4,17.61,140,True,TRUCK,200,11,362,3000
989,drawdown,0,400,400,50,57.03,17.8,155,True,TRUCK,200,11,365,3000
990,drawdown,0,400,400,50,56.53,17.78,149,True,TRUCK,200,11,365,3000
991,drawdown,150,200,350,50,56.93,17.24,151,True,TRUCK,200,11,354,3000
992,chase,110,400,510,50,56.47,17.46,113,True,MAIL,200,5,242,551
993,chase,68,400,468,50,55.47,18.43,67,True,MAIL,200,5,255,529
994,chase,44,400,444,50,55.83,18.25,53,True,MAIL,200,5,253,517
995,build,192,200,392,50,54.43,18.02,53,True,MAIL,200,5,249,512
996,chase,155,400,555,50,52.8,18.12,23,True,MAIL,200,5,251,479
997,chase,127,400,527,50,52.33,18.24,13,True,MAIL,200,5,253,464
998,chase,86,400,486,50,51.53,18.37,13,True,MAIL,200,5,254,454
999,chase,249,200,449,50,50.57,18.99,13,False,TRUCK,200,11,390,753
1000,chase,224,200,424,50,50.1,19.08,13,False,TRUCK,200,11,392,753
1001,build,184,200,384,50,49.77,19.02,13,True,MAIL,200,5,263,445
1002,build,136,200,336,50,50.3,19.42,14,True,MAIL,200,5,269,444
1003,chase,264,200,464,50,48.93,17.52,14,False,TRUCK,200,11,360,728
1004,chase,410,0,410,50,48.93,17.52,13,False,TRUCK,200,11,360,702
1005,chase,385,0,385,50,47.9,17.88,13,False,TRUCK,200,11,367,691
1006,build,358,0,358,50,47.63,17.83,14,False,TRUCK,200,11,366,705
1007,build,311,0,311,50,46.27,18.02,14,True,MAIL,200,5,250,397
1008,chase,287,200,487,50,45.2,16.73,15,False,TRUCK,200,11,343,694
1009,chase,237,200,437,50,45.67,16.6,15,False,TRUCK,200,11,341,698
1010,chase,189,200,389,50,46.0,16.65,16,True,MAIL,200,5,231,416
1011,build,136,200,336,50,45.07,17.14,14,True,MAIL,200,5,237,395
1012,build,113,200,313,50,43.93,17.71,15,True,MAIL,200,5,245,409
1013,chase,94,400,494,50,43.1,17.85,15,True,MAIL,200,5,247,406
1014,chase,66,400,466,50,41.37,16.52,20,True,MAIL,200,5,229,382
1015,chase,237,200,437,50,41.0,16.95,14,False,TRUCK,200,11,348,690
1016,chase,220,200,420,50,38.93,15.35,14,False,TRUCK,200,11,315,648
1017,chase,199,200,399,50,38.23,13.71,24,True,MAIL,200,5,190,374
1018,chase,138,200,338,50,37.7,13.87,23,True,MAIL,200,5,192,365
1019,chase,112,200,312,50,37.6,13.84,25,True,MAIL,200,5,192,344
1020,chase,272,200,472,50,36.53,14.09,25,False,TRUCK,200,11,289,569
1021,chase,254,200,454,50,35.77,14.51,12,False,TRUCK,200,11,298,517
1022,chase,237,200,437,50,34.7,15.2,11,False,TRUCK,200,11,312,531
1023,chase,227,200,427,50,34.9,15.09,17,False,TRUCK,200,11,310,521
1024,chase,197,200,397,50,33.47,15.45,19,False,TRUCK,200,11,317,524
1025,chase,188,400,588,50,33.83,15.66,21,False,TRUCK,200,11,322,509
1026,chase,140,400,540,50,33.4,16.01,22,False,TRUCK,200,11,329,512
1027,chase,325,200,525,50,32.8,16.05,21,False,TRUCK,200,11,329,531
1028,chase,302,200,502,50,32.53,16.04,24,False,TRUCK,200,11,329,525
1029,chase,273,200,473,50,32.63,16.0,39,False,TRUCK,200,11,329,525
1030,chase,245,200,445,50,32.5,15.96,101,False,TRUCK,200,11,328,530
1031,chase,209,200,409,50,31.63,15.79,58,False,TRUCK,200,11,324,518
1032,chase,387,200,587,50,30.8,14.16,88,False,TRUCK,200,11,291,500
1033,chase,340,200,540,50,29.5,13.74,106,False,TRUCK,200,11,282,477
1034,chase,325,200,525,50,29.2,13.94,116,False,TRUCK,200,11,286,485
1035,chase,309,200,509,50,28.93,14.06,133,False,TRUCK,200,11,289,504
1036,chase,290,200,490,50,27.77,13.96,129,False,TRUCK,200,11,287,489
1037,chase,278,200,478,50,27.9,13.94,132,False,TRUCK,200,11,286,480
1038,chase,250,200,450,50,27.33,13.35,133,False,TRUCK,200,11,274,446
1039,chase,417,0,417,50,26.47,12.79,74,False,TRUCK,200,11,263,408
1040,chase,395,200,595,50,25.23,11.9,181,False,TRUCK,200,11,244,428
1041,chase,379,200,579,50,24.87,12.14,195,False,TRUCK,200,11,249,424
1042,chase,367,200,567,50,24.93,12.11,204,False,TRUCK,200,11,249,431
1043,build,346,200,546,50,25.97,13.61,345,False,TRUCK,200,11,279,500
1044,build,287,200,487,50,25.87,13.6,429,False,TRUCK,200,11,279,524
1045,build,261,200,461,50,25.43,14.09,349,False,TRUCK,200,11,289,505
1046,build,257,200,457,50,25.1,14.31,316,False,TRUCK,200,11,294,490
1047,build,446,0,446,50,23.37,12.89,327,False,TRUCK,200,11,265,454
1048,build,437,200,637,50,22.93,13.02,394,False,TRUCK,200,11,267,457
1049,build,424,200,624,50,21.83,12.92,406,False,TRUCK,200,11,265,461
1050,chase,417,200,617,50,21.63,13.03,330,False,TRUCK,200,11,268,474
1051,build,405,200,605,50,21.4,13.18,374,False,TRUCK,200,11,271,454
1052,build,395,200,595,50,21.33,13.24,383,False,TRUCK,200,11,272,454
1053,build,387,200,587,50,22.0,14.16,391,False,TRUCK,200,11,291,461
1054,build,337,200,537,50,22.1,14.08,457,False,TRUCK,200,11,289,457
1055,build,525,0,525,50,20.83,13.36,273,False,TRUCK,200,11,274,405
1056,build,515,0,515,50,21.0,13.32,430,False,TRUCK,200,11,273,430
1057,build,495,0,495,50,21.83,14.2,553,False,TRUCK,200,11,292,553
1058,build,447,0,447,50,21.03,14.45,546,False,TRUCK,200,11,297,546
1059,build,442,0,442,50,20.37,14.58,596,False,TRUCK,200,11,299,596
1060,build,434,0,434,50,19.3,14.57,466,False,TRUCK,200,11,299,466
1061,build,430,0,430,50,19.0,14.61,403,False,TRUCK,200,11,300,428
1062,build,417,200,617,50,18.3,13.69,588,False,TRUCK,200,11,281,588
1063,build,391,200,591,50,18.07,13.81,583,False,TRUCK,200,11,284,583
1064,build,383,200,583,50,19.0,14.59,667,False,TRUCK,200,11,300,667
1065,build,339,200,539,50,18.8,14.63,989,False,TRUCK,200,11,300,989
1066,build,326,200,526,50,18.83,14.61,954,False,TRUCK,200,11,300,954
1067,build,313,200,513,50,18.1,14.69,753,False,TRUCK,200,11,302,753
1068,build,307,400,707,50,17.53,14.42,1008,False,TRUCK,200,11,296,1008
1069,build,491,200,691,50,17.33,14.4,825,False,TRUCK,200,11,296,825
1070,build,475,200,675,50,16.87,14.67,832,False,TRUCK,200,11,301,832
1071,build,473,200,673,50,16.87,14.67,1345,False,TRUCK,200,11,301,1345
1072,build,461,400,861,50,16.7,14.65,936,False,TRUCK,200,11,301,936
1073,build,445,400,845,50,14.8,12.51,824,False,TRUCK,200,11,257,824
1074,build,443,400,843,50,14.8,12.51,969,False,TRUCK,200,11,257,969
1075,build,617,200,817,50,15.27,12.36,1149,False,TRUCK,200,11,254,1149
1076,build,599,400,999,50,15.73,12.45,909,False,TRUCK,200,11,256,909
1077,build,574,400,974,50,16.5,12.73,1442,False,TRUCK,200,11,261,1442
1078,build,542,400,942,50,16.3,12.83,1156,False,TRUCK,200,11,264,1156
1079,build,735,200,935,50,16.37,12.79,1270,False,TRUCK,200,11,263,1270
1080,build,726,400,1126,50,16.13,12.93,1047,False,TRUCK,200,11,266,1047
1081,build,721,400,1121,50,15.93,13.08,1016,False,TRUCK,200,11,269,1016
1082,build,717,400,1117,50,16.73,13.31,1500,False,TRUCK,200,11,273,1500
1083,build,885,200,1085,50,15.1,12.03,1351,False,TRUCK,200,11,247,1351
1084,build,884,400,1284,50,15.0,12.07,1102,False,TRUCK,200,11,248,1102
1085,build,875,400,1275,50,14.93,12.1,1289,False,TRUCK,200,11,249,1289
1086,build,867,400,1267,50,14.53,12.13,1177,False,TRUCK,200,11,249,1177
1087,build,1059,200,1259,50,12.97,10.59,1485,False,TRUCK,200,11,218,1485
1088,build,1058,400,1458,50,13.07,10.53,1354,False,TRUCK,200,11,216,1354
1089,chase,1050,400,1450,50,13.23,10.49,1200,False,TRUCK,200,11,215,300
1090,chase,1037,400,1437,50,13.33,10.41,1025,False,TRUCK,200,11,214,306
1091,build,1230,200,1430,50,13.73,10.63,1742,False,TRUCK,200,11,218,1742
1092,build,1205,400,1605,50,12.97,10.54,2214,False,TRUCK,200,11,217,2214
1093,chase,1202,400,1602,50,12.93,10.56,1156,False,TRUCK,200,11,217,320
1094,chase,1195,400,1595,50,11.7,8.82,1266,False,TRUCK,200,11,181,285
1095,chase,1388,200,1588,50,11.57,8.83,915,False,TRUCK,200,11,182,273
1096,chase,1379,400,1779,50,11.47,8.83,1295,False,TRUCK,200,11,182,294
1097,chase,1369,400,1769,50,11.47,8.83,1243,False,TRUCK,200,11,182,288
1098,chase,1363,400,1763,50,11.0,8.95,1480,False,TRUCK,200,11,184,288
1099,chase,1561,200,1761,50,10.6,8.99,1390,False,TRUCK,200,11,185,284
1100,chase,1557,200,1757,50,10.8,8.86,1475,False,TRUCK,200,11,182,296
1101,chase,1549,200,1749,50,10.43,9.03,1412,False,TRUCK,200,11,186,292
1102,chase,1548,200,1748,50,10.13,8.99,1463,False,TRUCK,200,11,185,298
1103,chase,1741,0,1741,50,10.17,8.96,1502,False,TRUCK,200,11,184,297
1104,build,1738,0,1738,50,10.43,9.55,1653,False,TRUCK,200,11,196,1653
1105,chase,1704,0,1704,50,10.97,10.39,1482,False,TRUCK,200,11,214,354
1106,chase,1670,0,1670,50,10.47,10.05,1343,False,TRUCK,200,11,207,358
1107,chase,1660,0,1660,50,9.87,9.22,1413,False,TRUCK,200,11,190,342
1108,build,1646,0,1646,50,9.7,9.32,1600,False,TRUCK,200,11,192,1600
1109,build,1644,0,1644,50,9.57,9.36,1665,False,TRUCK,200,11,192,1665
1110,build,1639,0,1639,50,10.07,9.51,1924,False,TRUCK,200,11,195,1924
1111,build,1619,0,1619,50,10.57,9.57,1725,False,TRUCK,200,11,197,1725
1112,build,1600,0,1600,50,9.93,8.69,1866,False,TRUCK,200,11,179,1866
1113,build,1587,0,1587,50,10.13,8.55,1674,False,TRUCK,200,11,176,1674
1114,build,1580,200,1780,50,10.37,8.61,1669,False,TRUCK,200,11,177,1669
1115,build,1564,200,1764,50,10.73,8.74,1761,False,TRUCK,200,11,180,1761
1116,build,1545,200,1745,50,11.13,8.89,2131,False,TRUCK,200,11,183,2131
1117,build,1525,200,1725,50,11.23,8.78,2032,False,TRUCK,200,11,181,2032
1118,build,1521,200,1721,50,11.07,8.89,1961,False,TRUCK,200,11,183,1961
1119,build,1518,200,1718,50,10.9,8.9,1868,False,TRUCK,200,11,183,1868
1120,build,1510,400,1910,50,10.93,8.89,1869,False,TRUCK,200,11,183,1869
1121,build,1702,200,1902,50,10.37,8.5,2092,False,TRUCK,200,11,175,2092
1122,build,1694,200,1894,50,10.37,8.5,2218,False,TRUCK,200,11,175,2218
1123,build,1691,200,1891,50,10.53,8.48,1740,False,TRUCK,200,11,174,1740
1124,build,1679,200,1879,50,10.73,8.46,2094,False,TRUCK,200,11,174,2094
1125,build,1666,200,1866,50,11.63,9.63,2574,False,TRUCK,200,11,198,2574
1126,build,1630,400,2030,50,12.0,9.77,2062,False,TRUCK,200,11,201,2062
1127,build,1809,200,2009,50,11.9,9.85,2371,False,TRUCK,200,11,202,2371
1128,build,1806,200,2006,50,12.2,9.67,2065,False,TRUCK,200,11,199,2065
1129,build,1795,200,1995,50,13.17,10.26,2402,False,TRUCK,200,11,211,2402
1130,build,1762,400,2162,50,13.9,10.65,2316,False,TRUCK,200,11,219,2316
1131,build,1732,400,2132,50,13.93,10.61,2792,False,TRUCK,200,11,218,2792
1132,build,1730,400,2130,50,13.9,10.64,2740,False,TRUCK,200,11,219,2740
1133,build,1924,200,2124,50,14.47,10.49,2133,False,TRUCK,200,11,215,2133
1134,build,1904,400,2304,50,13.9,9.83,2805,False,TRUCK,200,11,202,2805
1135,build,1887,400,2287,50,13.3,9.09,2662,False,TRUCK,200,11,187,2662
1136,build,1871,400,2271,50,13.73,9.23,2430,False,TRUCK,200,11,190,2430
1137,build,2048,200,2248,50,14.13,9.5,2337,False,TRUCK,200,11,195,2337
1138,build,2022,200,2222,50,14.47,9.23,2316,False,TRUCK,200,11,190,2316
1139,build,2010,400,2410,50,14.93,9.09,2437,False,TRUCK,200,11,187,2437
1140,build,1991,400,2391,50,14.53,9.12,2739,False,TRUCK,200,11,187,2739
1141,build,2183,200,2383,50,14.67,9.22,2487,False,TRUCK,200,11,189,2487
1142,build,2160,200,2360,50,14.93,9.28,2680,False,TRUCK,200,11,191,2680
1143,build,2139,200,2339,50,15.03,9.21,2844,False,TRUCK,200,11,189,2844
1144,build,2129,400,2529,50,14.7,9.36,2655,False,TRUCK,200,11,192,2655
1145,chase,2123,400,2523,50,14.83,9.45,2279,False,TRUCK,200,11,194,420
1146,build,2300,200,2500,50,14.3,9.6,2446,False,TRUCK,200,11,197,2446
1147,chase,2296,200,2496,50,15.13,9.75,2148,False,TRUCK,200,11,200,428
1148,build,2267,400,2667,50,16.63,11.18,2500,False,TRUCK,200,11,230,2500
1149,build,2219,400,2619,50,16.8,11.08,2584,False,TRUCK,200,11,228,2584
1150,build,2206,400,2606,50,16.87,11.04,2633,False,TRUCK,200,11,227,2633
1151,build,2396,200,2596,50,17.03,10.93,2666,False,TRUCK,200,11,225,2666
1152,chase,2383,200,2583,50,17.93,10.85,2177,False,TRUCK,200,11,223,512
1153,build,2353,200,2553,50,18.03,10.81,2379,False,TRUCK,200,11,222,2379
1154,build,2338,200,2538,50,18.8,11.24,3173,False,TRUCK,200,11,231,3173
1155,build,2502,200,2702,50,18.23,10.77,2507,False,TRUCK,200,11,221,2507
1156,build,2483,200,2683,50,17.83,10.88,2500,False,TRUCK,200,11,224,2500
1157,build,2474,200,2674,50,18.57,10.59,2644,False,TRUCK,200,11,217,2644
1158,build,2449,200,2649,50,18.77,10.49,2566,False,TRUCK,200,11,216,2566
1159,chase,2432,400,2832,50,18.0,10.26,1802,False,TRUCK,200,11,211,534
1160,build,2422,400,2822,50,17.5,10.01,2889,False,TRUCK,200,11,206,2889
1161,chase,2407,400,2807,50,18.23,9.64,2456,False,TRUCK,200,11,198,569
1162,chase,2583,200,2783,50,18.9,9.45,2528,False,TRUCK,200,11,194,572
1163,build,2557,200,2757,50,19.43,9.95,2579,False,TRUCK,200,11,205,2579
1164,build,2521,200,2721,50,19.67,9.98,2739,False,TRUCK,200,11,205,2739
1165,chase,2497,400,2897,50,19.8,9.95,2474,False,TRUCK,200,11,205,571
1166,chase,2677,200,2877,50,19.73,9.94,2458,False,TRUCK,200,11,204,583
1167,chase,2656,200,2856,50,20.47,11.15,2605,False,TRUCK,200,11,229,622
1168,chase,2608,200,2808,50,20.6,11.07,2577,False,TRUCK,200,11,227,622
1169,chase,2592,200,2792,50,20.63,11.07,2375,False,TRUCK,200,11,227,590
1170,build,2572,200,2772,50,22.4,13.04,2531,False,TRUCK,200,11,268,2531
1171,chase,2511,200,2711,50,22.13,13.11,2399,False,TRUCK,200,11,269,634
1172,build,2696,0,2696,50,22.27,13.11,2432,False,TRUCK,200,11,269,2432
1173,chase,2671,0,2671,50,22.33,13.06,2269,False,TRUCK,200,11,268,611
1174,chase,2659,0,2659,50,22.57,12.81,2281,False,TRUCK,200,11,263,620
1175,chase,2646,0,2646,50,22.27,12.91,2222,False,TRUCK,200,11,265,617
1176,build,2632,0,2632,50,24.17,14.25,2392,False,TRUCK,200,11,293,2392
1177,build,2571,0,2571,50,24.17,14.25,2328,False,TRUCK,200,11,293,2328
1178,build,2542,0,2542,50,23.4,13.53,2355,False,TRUCK,200,11,278,2355
1179,build,2517,0,2517,50,26.1,18.53,2512,False,TRUCK,200,11,380,2512
1180,build,2423,0,2423,50,26.93,18.35,2550,False,TRUCK,200,11,377,2550
1181,build,2388,0,2388,50,27.77,18.26,2592,False,TRUCK,200,11,375,2592
1182,build,2350,0,2350,50,27.93,18.3,2586,False,TRUCK,200,11,376,2586
1183,build,2315,0,2315,50,27.8,18.42,2500,False,TRUCK,200,11,378,2500
1184,build,2304,200,2504,50,27.8,18.42,2557,False,TRUCK,200,11,378,2557
1185,build,2268,200,2468,50,27.93,18.36,2336,False,TRUCK,200,11,377,2336
1186,build,2245,200,2445,50,28.63,18.01,2566,False,TRUCK,200,11,370,2566
1187,build,2215,200,2415,50,28.93,18.03,2478,False,TRUCK,200,11,370,2478
1188,build,2181,200,2381,50,29.57,17.93,2477,False,TRUCK,200,11,368,2477
1189,build,2145,400,2545,50,29.97,17.61,2556,False,TRUCK,200,11,361,2556
1190,build,2123,400,2523,50,31.47,18.19,2425,False,TRUCK,200,11,373,2425
1191,build,2263,200,2463,50,31.77,18.14,2467,False,TRUCK,200,11,372,2467
1192,build,2230,200,2430,50,31.63,18.2,2436,False,TRUCK,200,11,374,2436
1193,build,2208,200,2408,50,31.1,18.3,2334,False,TRUCK,200,11,376,2334
1194,build,2188,400,2588,50,31.43,18.26,2571,False,TRUCK,200,11,375,2571
1195,build,2154,400,2554,50,32.23,18.27,2407,False,TRUCK,200,11,375,2407
1196,build,2310,200,2510,50,32.73,18.15,2410,False,TRUCK,200,11,373,2410
1197,build,2274,200,2474,50,32.53,18.01,2355,False,TRUCK,200,11,370,2355
1198,drawdown,2232,200,2432,50,34.2,18.73,2489,False,TRUCK,200,11,384,3000
1199,build,2166,400,2566,50,35.93,19.75,2579,False,TRUCK,200,11,405,2579
1200,drawdown,2094,400,2494,50,35.3,19.21,2737,False,TRUCK,200,11,394,3000
1201,drawdown,2252,200,2452,50,36.2,18.86,2505,False,TRUCK,200,11,387,3000
1202,drawdown,2210,200,2410,50,37.23,19.07,2521,False,TRUCK,200,11,391,3000
1203,drawdown,2154,400,2554,50,38.3,18.5,2476,False,TRUCK,200,11,380,3000
1204,drawdown,2110,400,2510,50,39.0,17.89,2462,False,TRUCK,200,11,367,3000
1205,drawdown,2076,400,2476,50,40.43,17.54,2441,False,TRUCK,200,11,360,3000
1206,drawdown,2219,200,2419,50,40.27,17.36,2455,False,TRUCK,200,11,356,3000
1207,drawdown,2163,400,2563,50,40.67,17.23,2403,False,TRUCK,200,11,354,3000
1208,drawdown,2122,400,2522,50,42.5,18.39,2443,False,TRUCK,200,11,378,3000
1209,drawdown,2042,400,2442,50,41.3,15.93,2536,False,TRUCK,200,11,327,3000
1210,drawdown,2184,200,2384,50,42.03,16.13,2583,False,TRUCK,200,11,331,3000
1211,drawdown,2127,400,2527,50,43.23,17.13,2586,False,TRUCK,200,11,352,3000
1212,drawdown,2053,400,2453,50,42.77,17.55,2471,False,TRUCK,200,11,360,3000
1213,drawdown,2032,400,2432,50,44.13,16.56,2572,False,TRUCK,200,11,340,3000
1214,drawdown,2180,200,2380,50,44.93,16.73,2653,False,TRUCK,200,11,343,3000
1215,drawdown,2120,400,2520,50,46.63,17.01,2686,False,TRUCK,200,11,349,3000
1216,drawdown,2046,400,2446,50,47.3,16.73,2284,False,TRUCK,200,11,343,3000
1217,drawdown,1996,400,2396,50,50.4,21.97,3213,False,TRUCK,200,11,451,3000
1218,drawdown,2069,200,2269,50,52.0,22.63,3565,False,TRUCK,200,11,464,3000
1219,drawdown,1985,400,2385,50,52.33,22.24,3223,False,TRUCK,200,11,456,3000
1220,drawdown,1953,400,2353,50,51.3,22.59,3014,False,TRUCK,200,11,464,3000
1221,drawdown,1924,400,2324,50,52.13,22.35,3082,False,TRUCK,200,11,459,3000
1222,drawdown,2066,200,2266,50,53.47,21.67,3435,False,TRUCK,200,11,445,3000
1223,drawdown,2004,400,2404,50,56.33,22.75,3434,False,TRUCK,200,11,467,3000
1224,drawdown,1898,400,2298,50,58.43,23.52,3330,False,TRUCK,200,11,483,3000
1225,drawdown,1801,400,2201,50,58.33,23.59,3654,False,TRUCK,200,11,484,3000
1226,drawdown,1960,200,2160,50,59.37,23.25,3497,False,TRUCK,200,11,477,3000
1227,drawdown,1893,400,2293,50,58.9,23.75,2558,False,TRUCK,200,11,487,3000
1228,drawdown,1865,400,2265,50,58.73,23.71,2434,False,TRUCK,200,11,487,3000
1229,drawdown,1804,400,2204,50,57.33,24.14,2814,False,TRUCK,200,11,495,3000
1230,drawdown,1974,200,2174,50,58.6,24.3,2749,False,TRUCK,200,11,499,3000
1231,drawdown,1894,400,2294,50,58.67,24.26,2413,False,TRUCK,200,11,498,3000
1232,drawdown,1850,400,2250,50,59.47,24.56,2991,False,TRUCK,200,11,504,3000
1233,drawdown,1770,400,2170,50,59.87,24.4,2790,False,TRUCK,200,11,501,3000
1234,drawdown,1914,200,2114,50,60.77,23.9,2684,False,TRUCK,200,11,490,3000
1235,drawdown,1853,400,2253,50,59.87,24.55,2842,False,TRUCK,200,11,504,3000
1236,drawdown,1823,400,2223,50,59.83,24.56,2968,False,TRUCK,200,11,504,3000
1237,drawdown,1768,400,2168,50,59.87,24.53,2673,False,TRUCK,200,11,503,3000
1238,drawdown,1926,200,2126,50,59.33,24.25,2668,False,TRUCK,200,11,498,3000
1239,drawdown,1862,400,2262,50,59.73,24.33,2767,False,TRUCK,200,11,499,3000
1240,drawdown,1792,400,2192,50,59.3,24.49,2756,False,TRUCK,200,11,503,3000
1241,drawdown,1748,400,2148,50,59.43,24.58,2656,False,TRUCK,200,11,504,3000
1242,drawdown,1870,200,2070,50,61.07,23.55,2376,False,TRUCK,200,11,483,3000
1243,drawdown,1800,400,2200,50,60.27,24.26,2784,False,TRUCK,200,11,498,3000
1244,drawdown,1772,400,2172,50,60.43,24.28,2483,False,TRUCK,200,11,498,3000
1245,drawdown,1707,400,2107,50,60.6,24.39,2351,False,TRUCK,200,11,501,3000
1246,drawdown,1828,200,2028,50,61.4,24.43,2523,False,TRUCK,200,11,501,3000
1247,drawdown,1754,400,2154,50,58.83,21.12,2500,False,TRUCK,200,11,433,3000
1248,drawdown,1704,400,2104,50,58.73,21.0,2353,False,TRUCK,200,11,431,3000
1249,drawdown,1623,400,2023,50,59.37,20.45,2222,False,TRUCK,200,11,420,3000
1250,drawdown,1772,200,1972,50,60.7,19.69,2277,False,TRUCK,200,11,404,3000
1251,drawdown,1703,400,2103,50,60.33,19.84,1968,False,TRUCK,200,11,407,3000
1252,drawdown,1656,400,2056,50,60.07,19.87,2052,False,TRUCK,200,11,408,3000
1253,drawdown,1602,400,2002,50,59.07,18.16,2024,False,TRUCK,200,11,373,3000
1254,drawdown,1726,200,1926,50,58.33,16.98,1861,False,TRUCK,200,11,349,3000
1255,drawdown,1651,400,2051,50,58.17,17.18,1831,False,TRUCK,200,11,353,3000
1256,drawdown,1615,400,2015,50,58.07,17.14,1932,False,TRUCK,200,11,352,3000
1257,drawdown,1551,400,1951,50,59.1,16.17,1716,False,TRUCK,200,11,332,3000
1258,drawdown,1692,200,1892,50,58.27,16.7,1668,False,TRUCK,200,11,343,3000
1259,drawdown,1656,400,2056,50,58.63,16.17,1647,False,TRUCK,200,11,332,3000
1260,drawdown,1615,400,2015,50,58.23,15.77,1737,False,TRUCK,200,11,324,3000
1261,drawdown,1547,400,1947,50,58.47,15.6,1637,False,TRUCK,200,11,320,3000
1262,drawdown,1696,200,1896,50,59.2,17.1,1484,False,TRUCK,200,11,351,3000
1263,drawdown,1594,400,1994,50,60.2,17.77,1736,False,TRUCK,200,11,365,3000
1264,drawdown,1508,400,1908,50,59.53,18.11,1749,False,TRUCK,200,11,372,3000
1265,drawdown,1467,400,1867,50,61.0,17.4,1551,False,TRUCK,200,11,357,3000
1266,drawdown,1593,200,1793,50,62.8,19.43,1860,False,TRUCK,200,11,399,3000
1267,drawdown,1484,400,1884,50,63.43,19.04,1808,False,TRUCK,200,11,391,3000
1268,drawdown,1423,400,1823,50,62.23,20.11,1615,False,TRUCK,200,11,413,3000
1269,drawdown,1395,400,1795,50,62.0,20.05,1626,False,TRUCK,200,11,412,3000
1270,drawdown,1532,200,1732,50,63.07,19.91,1543,False,TRUCK,200,11,409,3000
1271,drawdown,1456,400,1856,50,64.0,21.25,1685,False,TRUCK,200,11,436,3000
1272,drawdown,1350,400,1750,50,63.07,21.59,1651,False,TRUCK,200,11,443,3000
1273,drawdown,1308,400,1708,50,64.8,20.75,1504,False,TRUCK,200,11,426,3000
1274,drawdown,1428,200,1628,50,64.1,21.09,1421,False,TRUCK,200,11,433,3000
1275,drawdown,1384,400,1784,50,63.97,21.01,1505,False,TRUCK,200,11,431,3000
1276,drawdown,1309,400,1709,50,63.9,20.98,1512,False,TRUCK,200,11,430,3000
1277,drawdown,1237,400,1637,50,66.37,23.49,1623,False,TRUCK,200,11,482,3000
1278,drawdown,1313,200,1513,50,65.53,23.39,1503,False,TRUCK,200,11,480,3000
1279,drawdown,1257,400,1657,50,66.6,23.44,1632,False,TRUCK,200,11,481,3000
1280,drawdown,1174,400,1574,50,66.57,23.43,1442,False,TRUCK,200,11,481,3000
1281,drawdown,1106,400,1506,50,67.3,23.14,1493,False,TRUCK,200,11,475,3000
1282,drawdown,1237,200,1437,50,67.2,23.21,1279,False,TRUCK,200,11,476,3000
1283,drawdown,1186,400,1586,50,67.57,23.44,1481,False,TRUCK,200,11,481,3000
1284,drawdown,1099,400,1499,50,68.7,24.6,1402,False,TRUCK,200,11,505,3000
1285,drawdown,990,400,1390,50,69.4,23.93,1308,False,TRUCK,200,11,491,3000
1286,drawdown,1133,200,1333,50,69.33,23.95,1373,False,TRUCK,200,11,491,3000
1287,drawdown,1071,400,1471,50,68.93,24.23,1257,False,TRUCK,200,11,497,3000
1288,drawdown,1024,400,1424,50,69.47,23.64,1128,False,TRUCK,200,11,485,3000
1289,drawdown,972,400,1372,50,72.17,24.87,1222,False,TRUCK,200,11,510,3000
1290,drawdown,1050,200,1250,50,71.83,25.0,1149,False,TRUCK,200,11,513,3000
1291,drawdown,992,400,1392,50,71.4,25.48,1020,False,TRUCK,200,11,523,3000
1292,drawdown,954,400,1354,50,70.53,24.84,1006,False,TRUCK,200,11,510,3000
1293,drawdown,878,400,1278,50,69.57,24.78,944,False,TRUCK,200,11,508,3000
1294,drawdown,1021,200,1221,50,71.23,24.47,1032,False,TRUCK,200,11,502,3000
1295,drawdown,930,400,1330,50,71.0,24.48,1055,False,TRUCK,200,11,502,3000
1296,drawdown,863,400,1263,50,69.0,23.71,963,False,TRUCK,200,11,486,3000
1297,drawdown,814,400,1214,50,69.2,23.66,885,False,TRUCK,200,11,486,3000
1298,drawdown,947,200,1147,50,71.2,22.57,934,False,TRUCK,200,11,463,3000
1299,drawdown,859,400,1259,50,70.93,22.72,864,False,TRUCK,200,11,466,3000
1300,drawdown,804,400,1204,50,70.17,22.93,796,False,TRUCK,200,11,470,3000
1301,drawdown,751,400,1151,50,68.2,22.27,898,False,TRUCK,200,11,457,3000
1302,drawdown,904,200,1104,50,67.8,22.85,770,False,TRUCK,200,11,469,3000
1303,drawdown,874,400,1274,50,67.43,22.74,625,False,TRUCK,200,11,467,3000
1304,drawdown,805,400,1205,50,67.43,22.74,586,False,TRUCK,200,11,467,3000
1305,drawdown,761,400,1161,50,67.23,22.7,541,False,TRUCK,200,11,466,3000
1306,drawdown,892,200,1092,50,68.1,23.37,661,False,TRUCK,200,11,480,3000
1307,drawdown,794,400,1194,50,65.5,21.17,476,False,TRUCK,200,11,435,3000
1308,drawdown,748,400,1148,50,66.13,21.16,490,False,TRUCK,200,11,434,3000
1309,drawdown,673,400,1073,50,65.67,20.93,447,False,TRUCK,200,11,430,3000
1310,drawdown,804,200,1004,50,67.23,22.79,527,False,TRUCK,200,11,468,3000
1311,drawdown,689,400,1089,50,66.93,22.82,530,False,TRUCK,200,11,468,3000
1312,drawdown,629,400,1029,50,67.2,22.68,426,False,TRUCK,200,11,465,3000
1313,drawdown,570,400,970,50,66.8,22.42,420,False,TRUCK,200,11,460,3000
1314,drawdown,695,200,895,50,66.27,21.56,462,False,TRUCK,200,11,442,3000
1315,drawdown,602,400,1002,50,68.13,23.1,542,False,TRUCK,200,11,474,3000
1316,drawdown,489,400,889,50,69.57,24.02,516,False,TRUCK,200,11,493,3000
1317,drawdown,384,400,784,50,70.0,23.71,547,True,TRUCK,200,11,487,3000
1318,drawdown,524,200,724,50,69.4,24.4,510,False,TRUCK,200,11,501,3000
1319,drawdown,490,400,890,50,67.07,22.47,518,False,TRUCK,200,11,461,3000
1320,drawdown,438,400,838,50,67.3,22.41,462,False,TRUCK,200,11,460,3000
1321,drawdown,373,400,773,50,69.53,22.72,705,True,TRUCK,200,11,466,3000
1322,drawdown,468,200,668,50,69.17,22.7,635,True,TRUCK,200,11,466,3000
1323,drawdown,403,400,803,50,69.07,22.77,340,False,TRUCK,200,11,467,3000
1324,drawdown,349,400,749,50,68.7,22.49,501,True,TRUCK,200,11,461,3000
1325,drawdown,269,400,669,50,67.87,23.01,375,True,TRUCK,200,11,472,3000
1326,drawdown,427,200,627,50,68.0,22.91,325,True,TRUCK,200,11,470,3000
1327,drawdown,374,400,774,50,68.27,22.94,315,False,TRUCK,200,11,471,3000
1328,drawdown,299,400,699,50,67.97,22.73,265,True,TRUCK,200,11,466,3000
1329,drawdown,220,400,620,50,67.33,23.36,323,True,TRUCK,200,11,479,3000
1330,drawdown,384,200,584,50,67.5,23.27,265,True,TRUCK,200,11,478,3000
1331,drawdown,326,400,726,50,68.6,23.05,250,True,TRUCK,200,11,473,3000
1332,drawdown,246,400,646,50,68.77,22.78,312,True,TRUCK,200,11,467,3000
1333,drawdown,211,400,611,50,68.53,22.81,205,True,TRUCK,200,11,468,3000
1334,drawdown,349,200,549,50,70.17,22.75,373,True,TRUCK,200,11,467,3000
1335,drawdown,256,400,656,50,71.03,23.19,418,True,TRUCK,200,11,476,3000
1336,drawdown,161,400,561,50,69.83,22.68,227,True,TRUCK,200,11,465,3000
1337,drawdown,99,400,499,50,70.6,22.23,300,True,TRUCK,200,11,456,3000
1338,drawdown,230,200,430,50,69.03,23.52,262,True,TRUCK,200,11,483,3000
1339,drawdown,202,400,602,50,68.5,23.71,256,True,TRUCK,200,11,486,3000
1340,drawdown,149,400,549,50,66.47,22.14,193,True,TRUCK,200,11,454,3000
1341,drawdown,95,400,495,50,66.2,22.27,192,True,TRUCK,200,11,457,3000
1342,drawdown,243,200,443,50,65.67,22.64,144,True,TRUCK,200,11,465,3000
1343,chase,200,400,600,50,64.7,22.85,96,True,MAIL,200,5,316,574
1344,chase,154,400,554,50,62.97,22.6,85,True,MAIL,200,5,313,567
1345,drawdown,113,400,513,50,60.37,21.08,81,True,TRUCK,200,11,433,3000
1346,drawdown,278,200,478,50,58.87,19.32,84,True,TRUCK,200,11,397,3000
1347,chase,218,400,618,50,58.23,19.59,58,True,MAIL,200,5,271,517
1348,drawdown,177,400,577,50,58.57,19.25,74,True,TRUCK,200,11,395,3000
1349,chase,133,400,533,50,58.2,19.48,51,True,MAIL,200,5,270,512
1350,chase,292,200,492,50,57.23,19.85,54,True,MAIL,200,5,275,515
1351,chase,256,400,656,50,55.9,17.76,58,True,MAIL,200,5,246,480
1352,chase,191,400,591,50,55.47,17.69,47,True,MAIL,200,5,245,475
1353,chase,139,400,539,50,55.27,17.74,44,True,MAIL,200,5,246,491
1354,chase,291,200,491,50,54.77,17.22,54,True,MAIL,200,5,239,496
1355,chase,226,200,426,50,54.5,17.49,54,True,MAIL,200,5,242,499
1356,build,192,200,392,50,53.77,18.01,42,True,MAIL,200,5,249,520
1357,build,161,200,361,50,51.97,18.5,44,True,MAIL,200,5,256,528
1358,chase,340,200,540,50,50.73,17.86,21,False,TRUCK,200,11,367,853
1359,chase,498,0,498,50,51.53,17.71,9,False,TRUCK,200,11,364,818
1360,chase,438,0,438,50,51.93,18.0,12,True,MAIL,200,5,249,480
1361,chase,368,0,368,50,50.73,17.25,1,True,MAIL,200,5,239,449
1362,chase,324,0,324,50,50.47,17.56,0,True,MAIL,200,5,243,451
1363,chase,297,200,497,50,50.43,17.54,1,False,TRUCK,200,11,360,766
1364,chase,236,200,436,50,49.03,15.59,2,True,MAIL,200,5,216,421
1365,chase,185,200,385,50,47.3,12.97,2,True,MAIL,200,5,180,381
1366,chase,142,200,342,50,46.1,13.23,0,True,MAIL,200,5,183,376
1367,chase,116,200,316,50,46.0,13.06,2,True,MAIL,200,5,181,357
1368,chase,50,400,450,50,46.23,12.79,3,True,MAIL,200,5,177,347
1369,chase,15,400,415,50,45.97,12.72,1,True,MAIL,200,5,176,340
1370,chase,170,200,370,50,45.63,12.64,3,True,MAIL,200,5,175,335
1371,chase,126,200,326,50,44.83,12.97,3,True,MAIL,200,5,180,340
1372,chase,98,200,298,50,44.03,13.81,1,True,MAIL,200,5,191,347
1373,build,79,200,279,50,43.67,13.9,2,True,MAIL,200,5,193,351
1374,build,44,200,244,50,43.57,13.93,2,True,MAIL,200,5,193,355
1375,chase,206,200,406,50,42.93,14.74,1,False,TRUCK,200,11,303,661
1376,chase,390,0,390,50,42.3,14.38,2,False,TRUCK,200,11,295,641
1377,chase,349,0,349,50,41.93,14.56,2,False,TRUCK,200,11,299,642
1378,chase,319,0,319,50,42.4,14.85,3,True,MAIL,200,5,206,365
1379,build,261,0,261,50,42.27,14.88,3,True,MAIL,200,5,206,361
1380,chase,224,200,424,50,41.97,15.1,3,False,TRUCK,200,11,310,650
1381,chase,197,200,397,50,40.77,14.63,4,True,MAIL,200,5,203,398
1382,chase,168,200,368,50,41.13,15.05,0,True,MAIL,200,5,209,376
1383,chase,105,200,305,50,40.77,15.01,0,True,MAIL,200,5,208,366
1384,build,68,200,268,50,40.13,14.34,6,True,MAIL,200,5,199,349
1385,chase,22,400,422,50,40.67,14.4,8,True,MAIL,200,5,200,368
1386,chase,0,400,400,50,40.23,14.89,0,True,MAIL,200,5,206,339
1387,chase,182,200,382,50,40.4,14.69,0,False,TRUCK,200,11,302,575
1388,chase,156,200,356,50,40.97,15.08,0,True,MAIL,200,5,209,355
1389,chase,97,200,297,50,39.73,14.98,0,True,MAIL,200,5,208,349
1390,chase,74,200,274,50,38.33,13.99,0,True,MAIL,200,5,194,325
1391,chase,46,200,246,50,37.63,14.22,0,True,MAIL,200,5,197,311
1392,chase,223,200,423,50,37.43,14.41,0,False,TRUCK,200,11,296,562
1393,chase,202,200,402,50,37.27,14.16,0,False,TRUCK,200,11,291,563
1394,chase,146,200,346,50,36.03,14.53,0,False,TRUCK,200,11,298,559
1395,chase,132,200,332,50,35.83,14.47,0,False,TRUCK,200,11,297,552
1396,chase,95,200,295,50,35.33,15.07,0,True,MAIL,200,5,209,314
1397,chase,84,400,484,50,33.63,14.35,0,True,MAIL,200,5,199,308
1398,chase,69,400,469,50,33.63,14.35,0,True,MAIL,200,5,199,324
1399,chase,234,200,434,50,33.5,14.26,0,False,TRUCK,200,11,293,555
1400,chase,193,200,393,50,32.93,14.16,0,False,TRUCK,200,11,291,115
1401,chase,166,200,366,50,32.67,14.33,0,False,TRUCK,200,11,294,113
1402,chase,146,200,346,50,32.3,14.83,0,True,MAIL,200,5,205,65
1403,chase,138,200,338,50,31.57,15.23,0,False,TRUCK,200,11,313,106
1404,chase,325,200,525,50,30.83,15.43,0,False,TRUCK,200,11,317,102
1405,chase,309,200,509,50,31.3,15.18,0,False,TRUCK,200,11,312,106
1406,chase,279,200,479,50,30.27,15.55,0,False,TRUCK,200,11,319,104
1407,chase,269,200,469,50,29.93,15.66,0,False,TRUCK,200,11,322,108
1408,chase,249,200,449,50,28.8,14.76,0,False,TRUCK,200,11,303,101
1409,chase,225,200,425,50,27.7,15.35,0,False,TRUCK,200,11,315,105
1410,chase,221,200,421,50,27.4,15.45,0,False,TRUCK,200,11,317,103
1411,chase,403,0,403,50,27.03,15.54,0,False,TRUCK,200,11,319,104
1412,chase,385,0,385,50,25.47,14.09,0,False,TRUCK,200,11,289,98
1413,chase,369,0,369,50,24.9,13.95,0,False,TRUCK,200,11,287,97
1414,chase,349,0,349,50,23.73,13.59,0,False,TRUCK,200,11,279,98
1415,chase,338,0,338,50,22.2,13.11,0,False,TRUCK,200,11,269,96
1416,chase,334,0,334,50,22.1,13.15,0,False,TRUCK,200,11,270,93
1417,chase,319,0,319,50,22.23,13.21,0,False,TRUCK,200,11,271,94
1418,chase,289,0,289,50,21.97,12.51,0,False,TRUCK,200,11,257,91
1419,chase,238,0,238,50,21.97,12.51,0,False,TRUCK,200,11,257,88
1420,chase,215,0,215,50,21.3,12.71,0,False,TRUCK,200,11,261,86
1421,chase,207,0,207,50,21.4,12.73,0,False,TRUCK,200,11,261,89
1422,chase,181,0,181,50,21.2,12.79,0,False,TRUCK,200,11,263,84
1423,chase,166,0,166,50,20.7,11.62,0,True,MAIL,200,5,161,49
1424,chase,125,0,125,50,20.4,11.91,0,True,MAIL,200,5,165,50
1425,chase,120,0,120,50,19.8,11.49,0,True,MAIL,200,5,159,49
1426,chase,101,0,101,50,19.67,11.62,0,True,MAIL,200,5,161,48
1427,chase,94,0,94,50,19.53,11.7,0,True,MAIL,200,5,162,48
1428,chase,83,0,83,50,18.73,11.42,0,True,MAIL,200,5,158,47
1429,chase,72,0,72,50,18.03,10.62,0,True,MAIL,200,5,147,44
1430,chase,52,0,52,50,17.5,10.56,0,True,MAIL,155,5,146,43
1431,chase,41,0,41,50,17.17,10.64,0,True,MAIL,145,4,132,38
1432,chase,31,0,31,50,17.8,10.64,0,True,MAIL,150,4,132,36
1433,chase,4,0,4,50,17.47,10.94,0,True,MAIL,143,4,136,36
1434,chase,1,155,156,50,17.47,10.94,0,True,MAIL,0,1,68,17
1435,chase,140,0,140,50,16.63,10.91,0,False,MAIL,0,1,68,16
1436,chase,135,0,135,50,16.4,11.13,0,False,MAIL,0,1,69,16
1437,chase,132,0,132,50,16.33,11.11,0,False,MAIL,0,1,69,17
1438,chase,114,0,114,50,15.73,11.17,0,False,MAIL,0,1,70,17
1439,chase,108,0,108,50,16.0,10.97,0,False,MAIL,0,1,68,15
1440,chase,96,0,96,50,15.8,10.99,0,False,MAIL,0,1,68,15
1441,chase,84,0,84,50,15.27,11.26,0,False,MAIL,0,1,70,16
1442,chase,82,0,82,50,15.33,11.28,0,False,MAIL,0,1,70,15
1443,chase,64,0,64,50,15.2,11.24,0,False,MAIL,0,1,70,15
1444,chase,48,0,48,50,15.27,11.22,0,False,MAIL,0,1,70,15
1445,chase,35,0,35,50,15.17,11.34,0,True,MAIL,4,2,100,23
1446,chase,34,0,34,50,15.33,11.37,0,False,MAIL,0,1,71,16
1447,chase,14,0,14,50,14.37,11.32,0,True,MAIL,14,2,99,22
1448,chase,13,0,13,50,13.13,8.95,0,True,MAIL,11,2,79,18
1449,chase,0,14,14,50,12.37,9.06,0,True,MAIL,4,2,80,18
1450,chase,14,11,25,50,12.73,9.1,0,False,MAIL,0,1,57,12
1451,chase,6,0,6,50,11.87,9.04,0,True,MAIL,7,2,79,17
1452,chase,6,0,6,50,11.73,9.02,0,True,MAIL,5,2,79,18
1453,chase,0,7,7,50,10.37,7.39,0,True,MAIL,3,2,65,15
1454,chase,7,5,12,50,10.3,7.45,0,False,MAIL,0,1,47,10
1455,chase,9,3,12,50,9.67,7.49,0,False,MAIL,0,1,47,10
1456,chase,12,0,12,50,9.43,7.68,0,False,MAIL,0,1,48,10
1457,chase,12,0,12,50,9.3,7.69,0,False,MAIL,0,1,48,10
1458,chase,5,0,5,50,8.93,7.86,0,False,MAIL,0,1,49,10
1459,chase,5,0,5,50,8.27,7.74,0,False,MAIL,0,1,48,10
1460,chase,5,0,5,50,7.9,7.87,0,False,MAIL,0,1,49,10
